"Name","Length","LastWriteTime"
"audit.csv","0","2/16/2026 9:29:28 PM"
"BoxChangeRequestScreen.js","23835","2/16/2026 1:47:47 PM"
"ChangePasswordScreen.js","10657","2/16/2026 1:41:44 PM"
"ChatScreen.js","10500","2/16/2026 1:48:20 PM"
"ConfigureDurationScreen.js","12112","2/16/2026 7:59:45 PM"
"customer_screens_list.txt","361","2/15/2026 7:09:15 PM"
"DashboardScreen.js","20944","2/16/2026 9:26:01 PM"
"LegalScreen.js","6656","2/16/2026 1:49:06 PM"
"LoginScreen.js","21799","2/16/2026 1:35:55 PM"
"NotificationPreferencesScreen.js","7803","2/16/2026 8:00:04 PM"
"NotificationsScreen.js","10445","2/16/2026 8:00:02 PM"
"PaymentHistoryScreen.js","11188","2/16/2026 8:30:59 PM"
"PaymentScreen.js","18288","2/16/2026 7:59:31 PM"
"RaiseTicketScreen.js","10840","2/16/2026 8:58:59 PM"
"RegistrationScreen.js","34423","2/16/2026 6:54:38 PM"
"SplashScreen.js","3649","2/11/2026 8:19:00 PM"
"SupportScreen.js","10288","2/16/2026 8:59:01 PM"
